Match,Team 1,Team 2,Score 1,Score 2,Winner
97,France,Netherlands,89.30066227637924,75.51627628233108,France
98,Spain,Belgium,90.7704367228083,67.32694953787775,Spain
99,Morocco,England,77.36575282008438,83.00619617230616,England
100,Argentina,Portugal,87.65922034564022,75.48741464705085,Argentina
