Match,Team 1,Team 2,Score 1,Score 2,Winner
89,Germany,France,78.95947943089824,89.30066227637924,France
90,South Korea,Netherlands,52.58036424332114,75.51627628233108,Netherlands
91,Morocco,Senegal,77.36575282008438,67.34486035478771,Morocco
92,Mexico,England,61.513228459840086,83.00619617230616,England
93,Croatia,Spain,62.78289329783647,90.7704367228083,Spain
94,Turkey,Belgium,50.321104251533626,67.32694953787775,Belgium
95,Argentina,Iran,87.65922034564022,51.98484116472586,Argentina
96,Switzerland,Portugal,51.727029248007824,75.48741464705085,Portugal
