Match,Team 1,Team 2,Score 1,Score 2,Winner
101,France,Spain,89.30066227637924,90.7704367228083,Spain
102,England,Argentina,83.00619617230616,87.65922034564022,Argentina
